title,url,timestamp
Ready Mix Concrete Supplier - Competitive Pricing,https://duckduckgo.com/y.js?ad_domain=ukreadymixconcrete.com&ad_provider=bingv7aa&ad_type=txad&click_metadata=cC1fmYq6ZBgYgXi5mwqvcst%2DqNAfNiKXADIfKGGF9HtzXKd3oBlbaYbBnMXmh3dPXY01JFvKztJlmNP0gswrtaydM41rbVlbGybUyRNNIjYJeo6wxUNPM61ZJdU1Jj%2DE.ggHcmZK5OBHGUhpunv460g&rut=4366672ec14383eed86fe4dcbbbe0149a07708dd7fc0a342750a6743da21c4a7&u3=https%3A%2F%2Fwww.bing.com%2Faclick%3Fld%3De8apd93dNf_lnATnaPavDaZTVUCUx44DusyQNGp1%2DkaAgrBY6ocGr5yyi6US0qIhPRF8e%2D0ulYIA42WoWOZunpaBcg_elq4i6NQJHEcQYseMHye1gEPrk92sOTjqX48O7nFa9Y3vsdql8pBG6LmWz4mMIxP_VzRqOEL_K4DC9M3TFGA3jqUtj8Q8_8Txck6HsgG1_mkw%26u%3DaHR0cHMlM2ElMmYlMmZ3d3cudWtyZWFkeW1peGNvbmNyZXRlLmNvbSUzZm1zY2xraWQlM2Q1MWRkNDllZGMzMTMxYzgyZTVmODIxZjU4MzE5ZWZlYw%26rlid%3D51dd49edc3131c82e5f821f58319efec&vqd=4-154941799894484512544935980698009505455&iurl=%7B1%7DIG%3DB64EE34045C94C1585977DAB35FFEBB4%26CID%3D334CFFEA02E464203117EA09038165AE%26ID%3DDevEx%2C5047.1,2025-05-05T11:35:22.820295
30+ Green Housing Materials Explained: The Ultimate Guide to Eco ...,https://ofhousesandtrees.com/green-housing-materials/,2025-05-05T11:35:22.820295
10 Sustainable Building Materials for Eco-Friendly Construction,https://theconstructor.org/sustainability/10-sustainable-building-materials-for-eco-friendly-construction/569864/,2025-05-05T11:35:22.820295
29 Sustainable Building Materials You Can Use Today,https://buildingrenewable.com/sustainable-building-materials/,2025-05-05T11:35:22.820295
Top 10 Green Building Materials for Sustainable Construction,https://www.clarisdesignbuild.com/top-10-green-building-materials-for-sustainable-construction/,2025-05-05T11:35:22.820295
20 Sustainable Building Materials for an Eco-Friendly Home,https://greencitizen.com/blog/sustainable-building-materials/,2025-05-05T11:35:22.820295
Top Sustainable Building Materials for Eco-Friendly Construction,https://greenbuildingsolutions.org/top-sustainable-building-materials-for-eco-friendly-construction/,2025-05-05T11:35:22.820295
20 Sustainable Building Materials for a Greener Future,https://www.bigrentz.com/blog/sustainable-construction,2025-05-05T11:35:22.820295
Sustainable Building Materials: A Complete Guide - UGREEN,https://ugreen.io/10-sustainable-building-materials/,2025-05-05T11:35:22.820295
Top 15 Sustainable Building Materials for an Eco-Friendly Future,https://blog.enscape3d.com/top-sustainable-building-materials,2025-05-05T11:35:22.820295
16 sustainable and cost-effective building materials,https://www.ucem.ac.uk/whats-happening/articles/sustainable-building-materials/,2025-05-05T11:35:22.820295
